{"cameraMode":{"drawMode":2,"name":"Shaded Wireframe","section":"Shading Mode"},"sceneLighting":false,"audioPlay":false,"sceneViewState":{"showFog":true,"showMaterialUpdate":true,"showSkybox":false,"showFlares":true,"showImageEffects":true,"showParticleSystems":true},"in2DMode":false,"pivot":{"x":0.02000001072883606,"y":1.899001121520996,"z":1.809999942779541},"rotation":{"x":-0.03929638862609863,"y":0.012586841359734536,"z":-0.0004967098939232528,"w":-0.9991545081138611},"size":1.0069705247879029,"orthographic":false}