{"cameraMode":{"drawMode":2,"name":"Shaded Wireframe","section":"Shading Mode"},"sceneLighting":false,"audioPlay":false,"sceneViewState":{"showFog":true,"showMaterialUpdate":true,"showSkybox":false,"showFlares":true,"showImageEffects":true,"showParticleSystems":true},"in2DMode":false,"pivot":{"x":-0.030309652909636499,"y":1.8501757383346558,"z":1.876322865486145},"rotation":{"x":0.016190055757761,"y":0.0020965910516679289,"z":0.00003186836329405196,"w":-0.9998716711997986},"size":0.7069706320762634,"orthographic":false}