{"cameraMode":{"drawMode":2,"name":"Shaded Wireframe","section":"Shading Mode"},"sceneLighting":false,"audioPlay":false,"sceneViewState":{"showFog":true,"showMaterialUpdate":true,"showSkybox":false,"showFlares":true,"showImageEffects":true,"showParticleSystems":true},"in2DMode":false,"pivot":{"x":-0.23826171457767487,"y":2.4133806228637697,"z":0.7025100588798523},"rotation":{"x":-0.14579011499881745,"y":0.11458227038383484,"z":-0.017003580927848817,"w":-0.9825178980827332},"size":1.0069705247879029,"orthographic":false}