{"cameraMode":{"drawMode":2,"name":"Shaded Wireframe","section":"Shading Mode"},"sceneLighting":false,"audioPlay":false,"sceneViewState":{"showFog":true,"showMaterialUpdate":true,"showSkybox":false,"showFlares":true,"showImageEffects":true,"showParticleSystems":true},"in2DMode":false,"pivot":{"x":0.3790656328201294,"y":1.970824956893921,"z":2.5806472301483156},"rotation":{"x":-0.08570024371147156,"y":-0.009866486303508282,"z":0.0008487279992550612,"w":-0.9962751269340515},"size":1.6069705486297608,"orthographic":false}