{"cameraMode":{"drawMode":0,"name":"Shaded","section":"Shading Mode"},"sceneLighting":true,"audioPlay":false,"sceneViewState":{"showFog":true,"showMaterialUpdate":false,"showSkybox":true,"showFlares":true,"showImageEffects":true,"showParticleSystems":true},"in2DMode":false,"pivot":{"x":24.084577560424806,"y":-2.5145950317382814,"z":20.15041732788086},"rotation":{"x":0.3158099353313446,"y":-0.008550689555704594,"z":0.002826088573783636,"w":0.9488189220428467},"size":29.2384033203125,"orthographic":false}