{"cameraMode":{"drawMode":0,"name":"Shaded","section":"Shading Mode"},"sceneLighting":false,"audioPlay":false,"sceneViewState":{"showFog":true,"showMaterialUpdate":false,"showSkybox":true,"showFlares":true,"showImageEffects":true,"showParticleSystems":true},"in2DMode":false,"pivot":{"x":-2.345878839492798,"y":5.8614397048950199,"z":-6.594241619110107},"rotation":{"x":-0.1920650601387024,"y":-0.048267822712659839,"z":0.009451780468225479,"w":-0.9801600575447083},"size":1.2247449159622193,"orthographic":false}