{"cameraMode":{"drawMode":0,"name":"Shaded","section":"Shading Mode"},"sceneLighting":false,"audioPlay":false,"sceneViewState":{"showFog":true,"showMaterialUpdate":false,"showSkybox":true,"showFlares":true,"showImageEffects":true,"showParticleSystems":true},"in2DMode":false,"pivot":{"x":2.4125301837921144,"y":196.791259765625,"z":66.77936553955078},"rotation":{"x":0.0044999392703175549,"y":0.004499939735978842,"z":-0.000020249863155186176,"w":0.9999797344207764},"size":396.8066101074219,"orthographic":true}