{"cameraMode":{"drawMode":0,"name":"Shaded","section":"Shading Mode"},"sceneLighting":false,"audioPlay":false,"sceneViewState":{"showFog":true,"showMaterialUpdate":false,"showSkybox":true,"showFlares":true,"showImageEffects":true,"showParticleSystems":true},"in2DMode":false,"pivot":{"x":-2.0055367946624758,"y":2.8514814376831056,"z":-0.043451786041259769},"rotation":{"x":-0.024478796869516374,"y":0.09880991280078888,"z":0.0024325803387910129,"w":0.9948131442070007},"size":1.853553295135498,"orthographic":false}