{"cameraMode":{"drawMode":0,"name":"Shaded","section":"Shading Mode"},"sceneLighting":false,"audioPlay":false,"sceneViewState":{"showFog":true,"showMaterialUpdate":false,"showSkybox":true,"showFlares":true,"showImageEffects":true,"showParticleSystems":true},"in2DMode":false,"pivot":{"x":0.26419758796691897,"y":2.893951177597046,"z":3.086960554122925},"rotation":{"x":0.13713952898979188,"y":0.13624334335327149,"z":-0.019042519852519037,"w":0.9809749722480774},"size":3.653553009033203,"orthographic":false}