{"cameraMode":{"drawMode":0,"name":"Shaded","section":"Shading Mode"},"sceneLighting":false,"audioPlay":false,"sceneViewState":{"showFog":true,"showMaterialUpdate":false,"showSkybox":true,"showFlares":true,"showImageEffects":true,"showParticleSystems":true},"in2DMode":false,"pivot":{"x":0.7260740995407105,"y":2.2719786167144777,"z":16.3665714263916},"rotation":{"x":0.05185965076088905,"y":0.025464769452810289,"z":-0.001329184859059751,"w":0.9983614683151245},"size":9.550000190734864,"orthographic":false}