{"cameraMode":{"drawMode":0,"name":"Shaded","section":"Shading Mode"},"sceneLighting":false,"audioPlay":false,"sceneViewState":{"showFog":true,"showMaterialUpdate":false,"showSkybox":false,"showFlares":true,"showImageEffects":true,"showParticleSystems":true},"in2DMode":false,"pivot":{"x":0.290791392326355,"y":3.098130226135254,"z":0.48060083389282229},"rotation":{"x":0.391045480966568,"y":-0.19109274446964265,"z":0.08333373814821243,"w":0.8964914083480835},"size":1.2247449159622193,"orthographic":false}