{"cameraMode":{"drawMode":0,"name":"Shaded","section":"Shading Mode"},"sceneLighting":true,"audioPlay":false,"sceneViewState":{"showFog":true,"showMaterialUpdate":false,"showSkybox":true,"showFlares":true,"showImageEffects":true,"showParticleSystems":true},"in2DMode":false,"pivot":{"x":-7.283688545227051,"y":2.8369336128234865,"z":12.377647399902344},"rotation":{"x":-0.05109218880534172,"y":0.2513488233089447,"z":-0.0132901007309556,"w":-0.9665486812591553},"size":8.622008323669434,"orthographic":false}