{"cameraMode":{"drawMode":0,"name":"Shaded","section":"Shading Mode"},"sceneLighting":false,"audioPlay":false,"sceneViewState":{"showFog":true,"showMaterialUpdate":false,"showSkybox":true,"showFlares":true,"showImageEffects":true,"showParticleSystems":true},"in2DMode":false,"pivot":{"x":-1.317894458770752,"y":2.5746986865997316,"z":-4.827808380126953},"rotation":{"x":0.032392457127571109,"y":0.007495866157114506,"z":-0.00023781218624208122,"w":0.9994640946388245},"size":-0.3381246328353882,"orthographic":false}