{"cameraMode":{"drawMode":0,"name":"Shaded","section":"Shading Mode"},"sceneLighting":true,"audioPlay":false,"sceneViewState":{"showFog":true,"showMaterialUpdate":false,"showSkybox":true,"showFlares":true,"showImageEffects":true,"showParticleSystems":true},"in2DMode":false,"pivot":{"x":-10.072375297546387,"y":-5.740744113922119,"z":12.73814582824707},"rotation":{"x":0.17853905260562898,"y":-0.4651665687561035,"z":0.09638913720846176,"w":0.8616827726364136},"size":10.281904220581055,"orthographic":false}