{"cameraMode":{"drawMode":0,"name":"Shaded","section":"Shading Mode"},"sceneLighting":true,"audioPlay":false,"sceneViewState":{"showFog":true,"showMaterialUpdate":false,"showSkybox":true,"showFlares":true,"showImageEffects":true,"showParticleSystems":true},"in2DMode":false,"pivot":{"x":-0.4231860637664795,"y":5.649349212646484,"z":3.25335431098938},"rotation":{"x":0.08570787310600281,"y":0.013449407182633877,"z":-0.0011540510458871723,"w":0.9963522553443909},"size":4.282207012176514,"orthographic":false}