{"cameraMode":{"drawMode":0,"name":"Shaded","section":"Shading Mode"},"sceneLighting":true,"audioPlay":false,"sceneViewState":{"showFog":true,"showMaterialUpdate":false,"showSkybox":true,"showFlares":true,"showImageEffects":true,"showParticleSystems":true},"in2DMode":false,"pivot":{"x":1.8220312595367432,"y":2.7818217277526857,"z":4.034878730773926},"rotation":{"x":0.016709698364138604,"y":-0.10927674174308777,"z":0.0018479576101526619,"w":0.9939194321632385},"size":4.858999729156494,"orthographic":false}