{"cameraMode":{"drawMode":0,"name":"Shaded","section":"Shading Mode"},"sceneLighting":false,"audioPlay":false,"sceneViewState":{"showFog":true,"showMaterialUpdate":false,"showSkybox":true,"showFlares":true,"showImageEffects":true,"showParticleSystems":true},"in2DMode":false,"pivot":{"x":-0.15785697102546693,"y":1.834420084953308,"z":2.3591256141662599},"rotation":{"x":-0.00959857739508152,"y":-0.025496888905763627,"z":-0.00023944770509842783,"w":0.9996457099914551},"size":2.1535532474517824,"orthographic":false}