{"cameraMode":{"drawMode":0,"name":"Shaded","section":"Shading Mode"},"sceneLighting":true,"audioPlay":false,"sceneViewState":{"showFog":true,"showMaterialUpdate":false,"showSkybox":false,"showFlares":true,"showImageEffects":true,"showParticleSystems":true},"in2DMode":false,"pivot":{"x":0.1216888427734375,"y":-0.16048717498779298,"z":-0.01548147201538086},"rotation":{"x":0.060588110238313678,"y":-0.9345611929893494,"z":0.19364728033542634,"w":0.2924670875072479},"size":2.36602520942688,"orthographic":false}