{"cameraMode":{"drawMode":0,"name":"Shaded","section":"Shading Mode"},"sceneLighting":true,"audioPlay":false,"sceneViewState":{"showFog":true,"showMaterialUpdate":false,"showSkybox":true,"showFlares":true,"showImageEffects":true,"showParticleSystems":true},"in2DMode":false,"pivot":{"x":14.27869701385498,"y":-4.15098762512207,"z":16.78451156616211},"rotation":{"x":0.17489241063594819,"y":0.30173957347869875,"z":-0.05641724169254303,"w":0.9355484247207642},"size":10.281904220581055,"orthographic":false}