{"cameraMode":{"drawMode":0,"name":"Shaded","section":"Shading Mode"},"sceneLighting":false,"audioPlay":false,"sceneViewState":{"showFog":true,"showMaterialUpdate":false,"showSkybox":true,"showFlares":true,"showImageEffects":true,"showParticleSystems":true},"in2DMode":false,"pivot":{"x":11.639509201049805,"y":-94.60347747802735,"z":147.2974853515625},"rotation":{"x":0.2875852584838867,"y":0.03446962684392929,"z":-0.010358534753322602,"w":0.9570831060409546},"size":91.7520751953125,"orthographic":false}