{"cameraMode":{"drawMode":0,"name":"Shaded","section":"Shading Mode"},"sceneLighting":true,"audioPlay":false,"sceneViewState":{"showFog":true,"showMaterialUpdate":false,"showSkybox":true,"showFlares":true,"showImageEffects":true,"showParticleSystems":true},"in2DMode":false,"pivot":{"x":2.7130000591278078,"y":1.1449999809265137,"z":2.194999933242798},"rotation":{"x":0.3158099353313446,"y":-0.008550689555704594,"z":0.002826088573783636,"w":0.9488189220428467},"size":1.2247449159622193,"orthographic":false}