{"cameraMode":{"drawMode":0,"name":"Shaded","section":"Shading Mode"},"sceneLighting":false,"audioPlay":false,"sceneViewState":{"showFog":true,"showMaterialUpdate":false,"showSkybox":true,"showFlares":true,"showImageEffects":true,"showParticleSystems":true},"in2DMode":false,"pivot":{"x":-0.36204850673675539,"y":2.1447343826293947,"z":-0.1983214169740677},"rotation":{"x":0.19599321484565736,"y":-0.03529353067278862,"z":0.007056782953441143,"w":0.9799510836601257},"size":0.5946601629257202,"orthographic":false}