{"cameraMode":{"drawMode":0,"name":"Shaded","section":"Shading Mode"},"sceneLighting":false,"audioPlay":false,"sceneViewState":{"showFog":true,"showMaterialUpdate":false,"showSkybox":false,"showFlares":true,"showImageEffects":true,"showParticleSystems":true},"in2DMode":false,"pivot":{"x":1.9734642505645753,"y":2.950244188308716,"z":-5.0222039222717289},"rotation":{"x":0.06173648685216904,"y":0.034422196447849277,"z":-0.0021527563221752645,"w":0.997535228729248},"size":1.2247449159622193,"orthographic":false}