{"cameraMode":{"drawMode":0,"name":"Shaded","section":"Shading Mode"},"sceneLighting":false,"audioPlay":false,"sceneViewState":{"showFog":true,"showMaterialUpdate":false,"showSkybox":true,"showFlares":true,"showImageEffects":true,"showParticleSystems":true},"in2DMode":false,"pivot":{"x":4.399321556091309,"y":2.677194118499756,"z":-0.14719486236572267},"rotation":{"x":-0.19796259701251985,"y":0.04585149139165878,"z":-0.009270585142076016,"w":-0.9790934324264526},"size":4.5552167892456059,"orthographic":false}