{"cameraMode":{"drawMode":0,"name":"Shaded","section":"Shading Mode"},"sceneLighting":true,"audioPlay":false,"sceneViewState":{"showFog":true,"showMaterialUpdate":false,"showSkybox":true,"showFlares":true,"showImageEffects":true,"showParticleSystems":true},"in2DMode":false,"pivot":{"x":-2.866628646850586,"y":21.803077697753908,"z":51.6660041809082},"rotation":{"x":-0.17839448153972627,"y":-0.06048232689499855,"z":-0.010971828363835812,"w":0.9820844531059265},"size":27.92267608642578,"orthographic":false}