{"cameraMode":{"drawMode":0,"name":"Shaded","section":"Shading Mode"},"sceneLighting":true,"audioPlay":false,"sceneViewState":{"showFog":true,"showMaterialUpdate":false,"showSkybox":true,"showFlares":true,"showImageEffects":true,"showParticleSystems":true},"in2DMode":false,"pivot":{"x":3.2325100898742677,"y":5.18881893157959,"z":12.38353443145752},"rotation":{"x":0.0461488738656044,"y":0.03387909382581711,"z":0.001543009071610868,"w":-0.9984185695648193},"size":6.590888023376465,"orthographic":false}