{"cameraMode":{"drawMode":0,"name":"Shaded","section":"Shading Mode"},"sceneLighting":false,"audioPlay":false,"sceneViewState":{"showFog":true,"showMaterialUpdate":false,"showSkybox":true,"showFlares":true,"showImageEffects":true,"showParticleSystems":true},"in2DMode":false,"pivot":{"x":2.7417867183685304,"y":2.3839826583862306,"z":2.5594863891601564},"rotation":{"x":0.1453210562467575,"y":0.3146079182624817,"z":-0.0487971268594265,"w":0.9367846846580505},"size":3.653553009033203,"orthographic":false}