{"cameraMode":{"drawMode":0,"name":"Shaded","section":"Shading Mode"},"sceneLighting":false,"audioPlay":false,"sceneViewState":{"showFog":true,"showMaterialUpdate":false,"showSkybox":true,"showFlares":true,"showImageEffects":true,"showParticleSystems":true},"in2DMode":false,"pivot":{"x":107.76713562011719,"y":6.824952125549316,"z":58.377933502197269},"rotation":{"x":-0.3681219518184662,"y":0.25466296076774599,"z":-0.10557463765144348,"w":-0.887968897819519},"size":14.1907320022583,"orthographic":false}