{"cameraMode":{"drawMode":0,"name":"Shaded","section":"Shading Mode"},"sceneLighting":false,"audioPlay":false,"sceneViewState":{"showFog":true,"showMaterialUpdate":false,"showSkybox":true,"showFlares":true,"showImageEffects":true,"showParticleSystems":true},"in2DMode":false,"pivot":{"x":0.2718847393989563,"y":2.06213641166687,"z":0.6920207738876343},"rotation":{"x":0.04883323237299919,"y":-0.04343467205762863,"z":0.0021242510993033649,"w":0.997869610786438},"size":0.3535533845424652,"orthographic":false}