{"cameraMode":{"drawMode":0,"name":"Shaded","section":"Shading Mode"},"sceneLighting":true,"audioPlay":false,"sceneViewState":{"showFog":true,"showMaterialUpdate":false,"showSkybox":true,"showFlares":true,"showImageEffects":true,"showParticleSystems":true},"in2DMode":false,"pivot":{"x":-3.623945951461792,"y":0.4300987720489502,"z":12.201515197753907},"rotation":{"x":0.1119401678442955,"y":-0.10563475638628006,"z":0.01196898240596056,"w":0.9880640506744385},"size":6.959001064300537,"orthographic":false}