{"cameraMode":{"drawMode":0,"name":"Shaded","section":"Shading Mode"},"sceneLighting":false,"audioPlay":false,"sceneViewState":{"showFog":true,"showMaterialUpdate":false,"showSkybox":true,"showFlares":true,"showImageEffects":true,"showParticleSystems":true},"in2DMode":false,"pivot":{"x":14.874927520751954,"y":401.9954833984375,"z":625.363525390625},"rotation":{"x":0.04215836152434349,"y":-0.9523747563362122,"z":0.1550750583410263,"w":0.25928348302841189},"size":21.88359832763672,"orthographic":false}