{"cameraMode":{"drawMode":0,"name":"Shaded","section":"Shading Mode"},"sceneLighting":true,"audioPlay":false,"sceneViewState":{"showFog":true,"showMaterialUpdate":false,"showSkybox":true,"showFlares":true,"showImageEffects":true,"showParticleSystems":true},"in2DMode":false,"pivot":{"x":1.9853780269622803,"y":6.038364887237549,"z":2.8468871116638185},"rotation":{"x":-0.0927424281835556,"y":0.4327000379562378,"z":0.044853631407022479,"w":0.8957703709602356},"size":5.482207775115967,"orthographic":false}