{"cameraMode":{"drawMode":0,"name":"Shaded","section":"Shading Mode"},"sceneLighting":true,"audioPlay":false,"sceneViewState":{"showFog":true,"showMaterialUpdate":false,"showSkybox":true,"showFlares":true,"showImageEffects":true,"showParticleSystems":true},"in2DMode":false,"pivot":{"x":-2.124850034713745,"y":0.6389882564544678,"z":11.125447273254395},"rotation":{"x":-0.12745006382465363,"y":-0.01843292824923992,"z":0.00234321691095829,"w":-0.9917312860488892},"size":6.590888023376465,"orthographic":false}