{"cameraMode":{"drawMode":0,"name":"Shaded","section":"Shading Mode"},"sceneLighting":false,"audioPlay":false,"sceneViewState":{"showFog":true,"showMaterialUpdate":false,"showSkybox":true,"showFlares":true,"showImageEffects":true,"showParticleSystems":true},"in2DMode":false,"pivot":{"x":1.7681244611740113,"y":3.412783145904541,"z":-0.1714794635772705},"rotation":{"x":0.05187132582068443,"y":-0.013481182046234608,"z":0.0007012131973169744,"w":0.9985764622688294},"size":1.853553295135498,"orthographic":false}