{"cameraMode":{"drawMode":0,"name":"Shaded","section":"Shading Mode"},"sceneLighting":false,"audioPlay":false,"sceneViewState":{"showFog":true,"showMaterialUpdate":false,"showSkybox":false,"showFlares":true,"showImageEffects":true,"showParticleSystems":true},"in2DMode":false,"pivot":{"x":2.7130000591278078,"y":1.1449999809265137,"z":2.194999933242798},"rotation":{"x":0.03169288858771324,"y":-0.30681106448173525,"z":0.010242152027785778,"w":0.951236367225647},"size":1.2247449159622193,"orthographic":false}