{"cameraMode":{"drawMode":0,"name":"Shaded","section":"Shading Mode"},"sceneLighting":false,"audioPlay":false,"sceneViewState":{"showFog":true,"showMaterialUpdate":false,"showSkybox":true,"showFlares":true,"showImageEffects":true,"showParticleSystems":true},"in2DMode":false,"pivot":{"x":-0.0028779134154319765,"y":1.9248307943344117,"z":2.3615550994873049},"rotation":{"x":-0.020100010558962823,"y":-0.007498992141336203,"z":-0.0001454033044865355,"w":0.9997866153717041},"size":2.1535532474517824,"orthographic":false}