{"cameraMode":{"drawMode":0,"name":"Shaded","section":"Shading Mode"},"sceneLighting":true,"audioPlay":false,"sceneViewState":{"showFog":true,"showMaterialUpdate":false,"showSkybox":true,"showFlares":true,"showImageEffects":true,"showParticleSystems":true},"in2DMode":false,"pivot":{"x":1.5979695320129395,"y":3.7948787212371828,"z":10.907011032104493},"rotation":{"x":0.007810989394783974,"y":0.014993342570960522,"z":-0.00011763646034523845,"w":0.9999094009399414},"size":6.959001064300537,"orthographic":false}